<?xml version="1.0" encoding="UTF-8"?>
<project-private xmlns="http://www.netbeans.org/ns/project-private/1">
    <editor-bookmarks xmlns="http://www.netbeans.org/ns/editor-bookmarks/2" lastBookmarkId="0"/>
    <open-files xmlns="http://www.netbeans.org/ns/projectui-open-files/2">
        <group>
            <file>file:/C:/Users/nguyenhuuhoa/Desktop/DownloadWeb/src/downloadweb/StringProcessing.java</file>
            <file>file:/C:/Users/nguyenhuuhoa/Desktop/DownloadWeb/src/downloadweb/GetImage.java</file>
            <file>file:/C:/Users/nguyenhuuhoa/Desktop/DownloadWeb/src/downloadweb/ListManagement.java</file>
            <file>file:/C:/Users/nguyenhuuhoa/Desktop/DownloadWeb/src/downloadweb/DownloadWeb.java</file>
            <file>file:/C:/Users/nguyenhuuhoa/Desktop/DownloadWeb/src/downloadweb/OpenFile.java</file>
            <file>file:/C:/Users/nguyenhuuhoa/Desktop/DownloadWeb/src/downloadweb/downloadWebThread.java</file>
            <file>file:/C:/Users/nguyenhuuhoa/Desktop/DownloadWeb/src/downloadweb/CreateWebFolder.java</file>
        </group>
    </open-files>
</project-private>
