<?xml version="1.0" encoding="UTF-8"?>
<dictionary>
	<number>50</number>
	<word>
		<en>home</en>
		<vi>nhà</vi>
	</word>
	<word>
		<en>litle</en>
		<vi>bé</vi>
	</word>
	<word>
		<en>chicken</en>
		<vi>con gà</vi>
	</word>
	<word>
		<en>girl</en>
		<vi>gái</vi>
	</word>
	<word>
		<en>throw</en>
		<vi>ném</vi>
	</word>
	<word>
		<en>hot</en>
		<vi>nóng</vi>
	</word>
	<word>
		<en>key</en>
		<vi>khóa</vi>
	</word>
	<word>
		<en>tug</en>
		<vi>kéo co</vi>
	</word>
	<word>
		<en>book</en>
		<vi>sách</vi>
	</word>
	<word>
		<en>ball</en>
		<vi>bóng</vi>
	</word>
	<word>
		<en>score</en>
		<vi>ghi bàn</vi>
	</word>
	<word>
		<en>shirt</en>
		<vi>cái áo</vi>
	</word>
	<word>
		<en>name</en>
		<vi>tên</vi>
	</word>
	<word>
		<en>car</en>
		<vi>cái xe</vi>
	</word>
	<word>
		<en>scream</en>
		<vi>gào thét</vi>
	</word>
	<word>
		<en>foot</en>
		<vi>bàn chân</vi>
	</word>
	<word>
		<en>fat</en>
		<vi>béo</vi>
	</word>
	<word>
		<en>hero</en>
		<vi>anh hùng</vi>
	</word>
	<word>
		<en>caculator</en>
		<vi>máy tính</vi>
	</word>
	<word>
		<en>goat</en>
		<vi>con dê</vi>
	</word>
	<word>
		<en>cat</en>
		<vi>con mèo</vi>
	</word>
	<word>
		<en>dog</en>
		<vi>con chó</vi>
	</word>
	<word>
		<en>bag</en>
		<vi>túi</vi>
	</word>
	<word>
		<en>fun</en>
		<vi>vui</vi>
	</word>
	<word>
		<en>false</en>
		<vi>sai</vi>
	</word>
	<word>
		<en>apple</en>
		<vi>trái táo</vi>
	</word>
	<word>
		<en>tall</en>
		<vi>cao</vi>
	</word>
	<word>
		<en>finger</en>
		<vi>ngón tay</vi>
	</word>
	<word>
		<en>newspaper</en>
		<vi>báo</vi>
	</word>
	<word>
		<en>storm</en>
		<vi>bão</vi>
	</word>
	<word>
		<en>destroy</en>
		<vi>tàn phá</vi>
	</word>
	<word>
		<en>violet</en>
		<vi>màu tím</vi>
	</word>
	<word>
		<en>pencil</en>
		<vi>bút chì</vi>
	</word>
	<word>
		<en>shoe</en>
		<vi>giày</vi>
	</word>
	<word>
		<en>pen</en>
		<vi>cây bút</vi>
	</word>
	<word>
		<en>bottle</en>
		<vi>chai</vi>
	</word>
	<word>
		<en>gas</en>
		<vi>ga</vi>
	</word>
	<word>
		<en>mountain</en>
		<vi>núi</vi>
	</word>
	<word>
		<en>cow</en>
		<vi>con bò</vi>
	</word>
	<word>
		<en>far</en>
		<vi>xa</vi>
	</word>
	<word>
		<en>encoding</en>
		<vi>mã hóa</vi>
	</word>
	<word>
		<en>river</en>
		<vi>con sông</vi>
	</word>
	<word>
		<en>home</en>
		<vi>nhà</vi>
	</word>
	<word>
		<en>hello</en>
		<vi>xin chào</vi>
	</word>
	<word>
		<en>passenger</en>
		<vi>khách</vi>
	</word>
	<word>
		<en>customer</en>
		<vi>khách hàng</vi>
	</word>
	<word>
		<en>glass</en>
		<vi>kính</vi>
	</word>
	<word>
		<en>student</en>
		<vi>sinh viên</vi>
	</word>
	<word>
		<en>style</en>
		<vi>phong cách</vi>
	</word>
	<word>
		<en>bird</en>
		<vi>con chim</vi>
	</word>
</dictionary>