<?xml version="1.0" encoding="UTF-8"?>
<persistence version="2.1" xmlns="http://xmlns.jcp.org/xml/ns/persistence" xmlns:xsi="http://www.w3.org/2001/XMLSchema-instance" xsi:schemaLocation="http://xmlns.jcp.org/xml/ns/persistence http://xmlns.jcp.org/xml/ns/persistence/persistence_2_1.xsd">
  <persistence-unit name="com.mycompany_QLPhongBan_war_1.0-SNAPSHOTPU" transaction-type="JTA">
    <provider>org.hibernate.ejb.HibernatePersistence</provider>
    <exclude-unlisted-classes>false</exclude-unlisted-classes>
    <properties>
      <property name="javax.persistence.schema-generation.database.action" value="create"/>
    </properties>
  </persistence-unit>
</persistence>
